<?xml version="1.0" encoding="UTF-8"?>
<project-private xmlns="http://www.netbeans.org/ns/project-private/1">
    <editor-bookmarks xmlns="http://www.netbeans.org/ns/editor-bookmarks/2" lastBookmarkId="0"/>
    <open-files xmlns="http://www.netbeans.org/ns/projectui-open-files/2">
        <group>
            <file>file:/D:/MENTOR/Education/Sofate%20Testing/hrmsJSF/web/employeeList.xhtml</file>
            <file>file:/D:/MENTOR/Education/Sofate%20Testing/hrmsJSF/src/java/rw/auca/hrms/model/EmployeeCRUD.java</file>
            <file>file:/D:/MENTOR/Education/Sofate%20Testing/hrmsJSF/web/index.xhtml</file>
            <file>file:/D:/MENTOR/Education/Sofate%20Testing/hrmsJSF/src/java/rw/auca/hrms/utilites/HibernateUtility.java</file>
            <file>file:/D:/MENTOR/Education/Sofate%20Testing/hrmsJSF/src/java/rw/auca/hrms/utilites/EmployeeDao.java</file>
            <file>file:/D:/MENTOR/Education/Sofate%20Testing/hrmsJSF/src/java/hibernate.cfg.xml</file>
            <file>file:/D:/MENTOR/Education/Sofate%20Testing/hrmsJSF/src/java/rw/auca/hrms/entities/Employee.java</file>
            <file>file:/D:/MENTOR/Education/Sofate%20Testing/hrmsJSF/web/employeeForm.xhtml</file>
        </group>
    </open-files>
</project-private>
